{"f0": [173.71192074138415, 72.43337619020927], "energy": [-1.3640397787094116, 8.444304466247559, 50.84878320778494, 36.921416947577534], "spec_min": [-7.07574987411499, -7.25416374206543, -8.964447021484375, -9.577117919921875, -9.62684440612793, -10.320623397827148, -10.196864128112793, -10.741538047790527, -10.84321117401123, -11.23726749420166, -11.512925148010254, -11.342846870422363, -11.015217781066895, -11.248394012451172, -11.251346588134766, -11.512925148010254, -11.512925148010254, -11.512925148010254, -11.401372909545898, -11.512925148010254, -11.36351203918457, -11.512925148010254, -11.512925148010254, -11.512925148010254, -11.512925148010254, -11.512925148010254, -11.512925148010254, -11.512925148010254, -11.512925148010254, -11.512925148010254, -11.512925148010254, -11.512925148010254, -11.512925148010254, -11.512925148010254, -11.512925148010254, -11.512925148010254, -11.512925148010254, -11.512925148010254, -11.512925148010254, -11.512925148010254, -11.512925148010254, -11.512925148010254, -11.512925148010254, -11.512925148010254, -11.512925148010254, -11.512925148010254, -11.512925148010254, -11.512925148010254, -11.512925148010254, -11.512925148010254, -11.512925148010254, -11.512925148010254, -11.512925148010254, -11.512925148010254, -11.512925148010254, -11.512925148010254, -11.512925148010254, -11.512925148010254, -11.512925148010254, -11.512925148010254, -11.512925148010254, -11.512925148010254, -11.512925148010254, -11.512925148010254, -11.512925148010254, -11.512925148010254, -11.512925148010254, -11.414474487304688, -11.512925148010254, -11.512925148010254, -11.512925148010254, -11.503264427185059, -11.512925148010254, -11.512925148010254, -11.512925148010254, -11.512925148010254, -11.512925148010254, -11.512925148010254, -11.478262901306152, -11.407343864440918], "spec_max": [2.2486910820007324, 1.1897947788238525, 1.5964815616607666, 2.062309741973877, 1.8682191371917725, 2.0482192039489746, 2.0645086765289307, 2.1525142192840576, 2.007355213165283, 1.8772276639938354, 2.004349708557129, 1.89336359500885, 1.9863348007202148, 1.992474913597107, 2.084325075149536, 1.8183578252792358, 1.9783190488815308, 2.0731427669525146, 1.9113563299179077, 1.6970032453536987, 1.6386367082595825, 1.711596965789795, 1.75552237033844, 1.8248722553253174, 1.7611680030822754, 1.626082181930542, 1.8122498989105225, 1.9071589708328247, 2.1548845767974854, 1.8445979356765747, 1.6729028224945068, 1.7250193357467651, 1.6924505233764648, 1.497443675994873, 1.2590001821517944, 1.3132843971252441, 1.2338368892669678, 1.2347688674926758, 1.30263352394104, 1.1085296869277954, 1.1205899715423584, 1.0176105499267578, 1.0462305545806885, 0.8924484848976135, 1.0823884010314941, 0.8707925081253052, 0.6121242046356201, 0.5240293741226196, 0.5161424279212952, 0.6683214902877808, 0.9017584919929504, 0.9342594742774963, 1.0452156066894531, 0.5925118923187256, 0.5645518898963928, 0.8647856712341309, 0.7553087472915649, 1.0391439199447632, 0.9834892749786377, 1.0829248428344727, 0.876029372215271, 0.8936665654182434, 0.8580200672149658, 0.7754562497138977, 0.6996859908103943, 0.7927549481391907, 0.6592618823051453, 0.7590096592903137, 0.6731356382369995, 0.3627619445323944, 0.5654133558273315, -0.0532967746257782, 0.1377543956041336, 0.06515473127365112, -0.2269335240125656, 0.13817933201789856, 0.4518461227416992, 0.08636067807674408, -0.022113259881734848, 0.08161034435033798], "max_seq_len": 1126}